Manager,Player
Bill,Claudia Dickey
Bill,Didi Haracic
Bill,Izzy Rodriguez
Bill,Rebeca Bernal
Bill,Malia Berkely
Bill,Kerry Abello
Bill,Sofia Huerta
Bill,Rose Lavelle
Bill,Claire Hutton
Bill,Shinomi Koyama
Bill,Raquel Rodríguez
Bill,Rosemonde Kouassi
Bill,Amanda Gutierres
Bill,Melissa Kössler
Joey,Sandy MacIver
Joey,Luisa Agudelo
Joey,Tierna Davidson
Joey,Natalie Jacobs
Joey,Madison Curry
Joey,Jess Carter
Joey,Esme Morgan
Joey,Julia Grosso
Joey,Emma Regan
Joey,Barbra Olivieri
Joey,Angelina
Joey,Barbra Banda
Joey,Dudinha
Joey,Ella Stevens
Nancy,Mandy McGlynn
Nancy,Mia Justus
Nancy,Samantha Hiatt
Nancy,Lauren Milliet
Nancy,Kaleigh Kurtz
Nancy,Emily Sams
Nancy,Savannah DeMelo
Nancy,Hal Hershfelt
Nancy,Delanie Sheehan
Nancy,Ally Sentnor
Nancy,Mia Fishel
Nancy,Marta
Nancy,Gift Monday
Nancy,Esther González
Brock Wallace,Angelina Anderson
Brock Wallace,Jordan Silkowitz
Brock Wallace,Paige Nielsen
Brock Wallace,Maycee Bell
Brock Wallace,Marie Müller
Brock Wallace,Kylie Strom
Brock Wallace,Haley McCutcheon
Brock Wallace,Croix Bethune
Brock Wallace,Hina Sugita
Brock Wallace,Bea Franklin
Brock Wallace,Emma Sears
Brock Wallace,Margaret Purce
Brock Wallace,Racheal Kundananji
Brock Wallace,Sofia Cantore
Chris,Jane Campbell
Chris,Casey Murphy
Chris,Tara Rudd
Chris,Hailie Mace
Chris,Eva Gaetino
Chris,Elizabeth Ball
Chris,Ayo Oke
Chris,Olivia Moultrie
Chris,Narumi Miura
Chris,Gia Corley
Chris,Ary Borges
Chris,Sophia Smith
Chris,Ludmila
Chris,Jun Endō
Danny,Lorena
Danny,Marisa Jordan
Danny,Janine Sonis
Danny,Isabella Obaze
Danny,Emily Sonnett
Danny,Arin Wright
Danny,Manaka Matsukubo
Danny,Maitane López Millán
Danny,Lo'eau LaBonta
Danny,Deborah Abiodun
Danny,Reilyn Turner
Danny,Lizbeth Ovalle
Danny,Kiana Palacios
Danny,Cristiana Girelli
Mariam,Abby Smith
Mariam,Pauline Peyraud-Magnin
Mariam,Kristen McNabb
Mariam,Ryan Williams
Mariam,Lilly Reale
Mariam,Kennedy Wesley
Mariam,Jaedyn Shaw
Mariam,Debinha
Mariam,Ashley Sanchez
Mariam,Ally Lemos
Mariam,Yazmeen Ryan
Mariam,Sveindís Jónsdóttir
Mariam,Karlie Lema
Mariam,Ally Brazier
Jackson,Mackenzie Arnold
Jackson,Kailen Sheridan
Jackson,Nuria Rábano
Jackson,MA Vignola
Jackson,Gisele Thompson
Jackson,Carson Pickett
Jackson,Avery Patterson
Jackson,Taylor Huff
Jackson,Sally Menti
Jackson,Kenza Dali
Jackson,Josefine Hasbo
Jackson,Trinity Rodman
Jackson,Jordyn Dudley
Jackson,Jasmine Aikey
Noelle,Jordyn Bloomer
Noelle,Katie Lund
Noelle,Sarah Gorden
Noelle,Rafaelle Souza
Noelle,Samantha Staab
Noelle,Ellie Wheeler
Noelle,Taylor Flint
Noelle,Savannah McCaskill
Noelle,Lindsay Heaps
Noelle,Leicy Santos
Noelle,Jessie Fleming
Noelle,Temwa Chawinga
Noelle,Penelope Hocking
Noelle,Jameese Joseph
Ryne,Ann-Katrin Berger
Ryne,Laurel Ivory
Ryne,Perle Morroni
Ryne,Leah Klenke
Ryne,Kate Del Fava
Ryne,Jordyn Bugg
Ryne,Alyssa Malonson
Ryne,Linda Ullmark
Ryne,Lia Godfrey
Ryne,Jaelin Howell
Ryne,Danielle Colaprico
Ryne,Solai Washington
Ryne,Maddie Dahlien
Ryne,Ally Schlegel
Cameron,Anna Moorhouse
Cameron,Alyssa Naeher
Cameron,Reyna Reyes
Cameron,Phoebe McClernon
Cameron,Kayla Sharples
Cameron,Gabrielle Carle
Cameron,Ellie Jean
Cameron,Samantha Meza
Cameron,Riley Jackson
Cameron,Kennedy Fuller
Cameron,Andi Sullivan
Cameron,Sarah Schupansky
Cameron,Riley Tiernan
Cameron,Mina Tanaka